Subject,Level,Question #,Question Text,Answer 1,Answer 2,Answer 3,Answer 4,Time Limit (sec),Correct
Chinese,K,1,🐶,狗,貓,車,蘋果,10,1
Chinese,K,2,🐱,貓,狗,鳥,魚,10,1
Chinese,K,3,🍎,蘋果,香蕉,橙,葡萄,10,1
Chinese,K,4,🍌,香蕉,蘋果,胡蘿蔔,蛋,10,1
Chinese,K,5,🚗,車,巴士,房子,球,10,1
Chinese,K,6,☀️,太陽,月亮,星星,雲,10,1
Chinese,K,7,🌙,月亮,太陽,星星,花,10,1
Chinese,K,8,🐦,鳥,魚,狗,貓,10,1
Chinese,K,9,🐟,魚,鳥,鴨,雞,10,1
Chinese,K,10,🌸,花,草,樹,星星,10,1
Chinese,K,11,⭐,星星,月亮,太陽,心,10,1
Chinese,K,12,🌳,樹,花,房子,球,10,1
Chinese,K,13,⚽,球,書,帽子,鞋,10,1
Chinese,K,14,🏠,房子,學校,車,球,10,1
Chinese,K,15,📖,書,鉛筆,椅子,桌子,10,1
Chinese,K,16,🧢,帽子,鞋,襪,手套,10,1
Chinese,K,17,👟,鞋,帽子,襪,手套,10,1
Chinese,K,18,✋,手,腳,眼睛,嘴巴,10,1
Chinese,K,19,👣,腳,手,眼睛,嘴巴,10,1
Chinese,K,20,👀,眼睛,嘴巴,鼻子,耳朵,10,1
Chinese,K,21,👄,嘴巴,眼睛,鼻子,耳朵,10,1
Chinese,K,22,1️⃣,一,二,三,四,10,1
Chinese,K,23,2️⃣,二,一,三,四,10,1
Chinese,K,24,🔴,紅色,藍色,黃色,綠色,10,1
Chinese,K,25,🟡,黃色,紅色,藍色,綠色,10,1
Chinese,K,26,🔵,藍色,紅色,黃色,綠色,10,1
Chinese,K,27,❤️,心,星星,圓形,正方形,10,1
Chinese,K,28,😊,笑臉,哭,生氣,傷心,10,1
Chinese,K,29,🥚,蛋,蘋果,香蕉,胡蘿蔔,10,1
Chinese,K,30,🎈,氣球,球,帽子,鞋,10,1
Chinese,K,31,💡,燈,西瓜,剪刀,尺,10,1
Chinese,K,32,🐔,雞,奇異果,熊,雲,10,1
Chinese,K,33,🐰,兔,窗,耳朵,寶寶,10,1
Chinese,K,34,6️⃣,六,火車,門,巴士,10,1
Chinese,K,35,🦷,牙,鴨,十,媽媽,10,1
Chinese,K,36,🕒,鐘,草莓,四,船,10,1
Chinese,K,37,❤️,心形,窗,巴士,橙,10,1
Chinese,K,38,⬛,正方,西瓜,七,姊姊,10,1
Chinese,K,39,📱,電話,心形,船,雲,10,1
Chinese,K,40,7️⃣,七,黑色,橙,巴士,10,1
Chinese,K,41,🪥,牙刷,爸爸,乳,雪,10,1
Chinese,K,42,🦆,鴨,羊,雲,電話,10,1
Chinese,K,43,👤,頭,門,鴨,媽媽,10,1
Chinese,K,44,🚢,船,四,橙色,鼻子,10,1
Chinese,K,45,🐵,猴,兔,胡蘿蔔,黑色,10,1
Chinese,K,46,💇,頭髮,尺,兔,草莓,10,1
Chinese,K,47,🥕,胡蘿蔔,橙,雪,心形,10,1
Chinese,K,48,🥝,奇異果,白色,五,尺,10,1
Chinese,K,49,🚂,火車,白色,梨,乳,10,1
Chinese,K,50,✈️,飛機,兔,耳朵,熊,10,1
Chinese,K,51,👨,爸爸,六,七,蠟筆,10,1
Chinese,K,52,🍓,草莓,長方,梳,電話,10,1
Chinese,K,53,5️⃣,五,鐘,橙色,橙,10,1
Chinese,K,54,🟢,綠色,巴士,草莓,蛙,10,1
Chinese,K,55,🔺,三角,三,奇異果,船,10,1
Chinese,K,56,🐢,龜,蜂,燈,牛,10,1
Chinese,K,57,🐸,蛙,馬,肥皂,黑色,10,1
Chinese,K,58,🫑,椒,三角,正方,猴,10,1
Chinese,K,59,🪑,椅,牙刷,媽媽,寶寶,10,1
Chinese,K,60,☁️,雲,奇異果,鴨,番茄,10,1
Chinese,K,61,🍍,鳳梨,長方,肥皂,雲,10,1
Chinese,K,62,❄️,雪,鼻子,三角,蛇,10,1
Chinese,K,63,🥬,菜,椅,猴,十,10,1
Chinese,K,64,🐷,豬,龜,五,黑色,10,1
Chinese,K,65,🌈,彩虹,燈,八,風,10,1
Chinese,K,66,🐝,蜂,火車,肥皂,番茄,10,1
Chinese,K,67,🟣,紫色,豬,椅,熊,10,1
Chinese,K,68,🍇,葡萄,九,羊,寶寶,10,1
Chinese,K,69,🟤,啡色,鳳梨,五,頭髮,10,1
Chinese,K,70,🍊,橙,電話,門,姊姊,10,1
Chinese,K,71,🍉,西瓜,熊,三角,橙,10,1
Chinese,K,72,🟦,長方,胡蘿蔔,盒,蝶,10,1
Chinese,K,73,⚫,黑色,蝶,蜂,梨,10,1
Chinese,K,74,🐻,熊,尺,門,鴨,10,1
Chinese,K,75,8️⃣,八,燈,象,飛機,10,1
Chinese,K,76,🌧️,雨,羊,奇異果,牙,10,1
Chinese,K,77,🌬️,風,番茄,猴,椒,10,1
Chinese,K,78,🚲,單車,電話,豬,姊姊,10,1
Chinese,K,79,🧼,肥皂,猴,風,心形,10,1
Chinese,K,80,👩,媽媽,芒果,電話,熊,10,1
Chinese,K,81,🐍,蛇,梨,鐘,菜,10,1
Chinese,K,82,🍅,番茄,單車,耳朵,剪刀,10,1
Chinese,K,83,🐑,羊,蠟筆,盒,啡色,10,1
Chinese,K,84,🛏️,床,葡萄,芒果,熊,10,1
Chinese,K,85,🔟,十,彩虹,三角,羊,10,1
Chinese,K,86,✂️,剪刀,梨,鐘,火車,10,1
Chinese,K,87,📏,尺,椅,熊,粉紅,10,1
Chinese,K,88,🖍️,蠟筆,彩虹,長方,奇異果,10,1
Chinese,K,89,🦋,蝶,蛇,長方,雪,10,1
Chinese,K,90,🐴,馬,番茄,尺,肥皂,10,1
Chinese,K,91,🍑,桃,盒,五,椒,10,1
Chinese,K,92,🥭,芒果,巴士,奇異果,門,10,1
Chinese,K,93,🍐,梨,馬,芒果,蝶,10,1
Chinese,K,94,👦,哥哥,爸爸,粉紅,菜,10,1
Chinese,K,95,3️⃣,三,葡萄,九,雨,10,1
Chinese,K,96,🐮,牛,羊,椒,葡萄,10,1
Chinese,K,97,🚌,巴士,電話,梳,桃,10,1
Chinese,K,98,⚪,白色,龜,橙色,九,10,1
Chinese,P4,99,以下哪個成語意思是仗住他人威勢去欺負其他人？,狐假虎威,塞翁失馬,掩耳盜鈴,守株待兔,10,1
Chinese,P4,100,以下哪個成語意思是暫時有損失但最後反而得到好處？,塞翁失馬,狐假虎威,螳螂捕蟬,刻舟求劍,10,1
Chinese,P4,101,以下哪個成語意思是自欺欺人？,掩耳盜鈴,塞翁失馬,愚公移山,自相矛盾,10,1
Chinese,P4,102,以下哪個成語意思是只顧眼前好處忽略後面危險？,螳螂捕蟬,狐假虎威,城門失火,紙上談兵,10,1
Chinese,P4,103,以下哪個成語意思是無辜被人連累受損害？,城門失火,掩耳盜鈴,守株待兔,南柯一夢,10,1
Chinese,P4,104,以下哪個成語意思是死守舊方法等好運氣？,守株待兔,塞翁失馬,愚公移山,葉公好龍,10,1
Chinese,P4,105,以下哪個成語意思是歌聲好聽好耐都有餘音？,繞樑三日,狐假虎威,濫竽充數,按圖索驥,10,1
Chinese,P4,106,以下哪個成語意思是有恆心堅持克服大困難？,愚公移山,守株待兔,自相矛盾,畫龍點睛,10,1
Chinese,P4,107,以下哪個成語意思是講話做事前後不一致？,自相矛盾,掩耳盜鈴,狼狽為奸,杯弓蛇影,10,1
Chinese,P4,108,以下哪個成語意思是強佔他人位置或屋企？,鵲巢鳩佔,狐假虎威,刻舟求劍,望梅止渴,10,1
Chinese,P4,109,以下哪個成語意思是壞人互相勾結做壞事？,狼狽為奸,塞翁失馬,濫竽充數,煮豆燃萁,10,1
Chinese,P4,110,以下哪個成語意思是死守舊記號不知變通？,刻舟求劍,守株待兔,按圖索驥,南轅北轍,10,1
Chinese,P4,111,以下哪個成語意思是無能力都混入去充數？,濫竽充數,愚公移山,紙上談兵,囫圇吞棗,10,1
Chinese,P4,112,以下哪個成語意思是死跟圖樣找東西不知變？,按圖索驥,自相矛盾,城門失火,畫蛇添足,10,1
Chinese,P4,113,以下哪個成語意思是只會空談理論不懂實際？,紙上談兵,狐假虎威,守株待兔,破釜沉舟,10,1
Chinese,P4,114,以下哪個成語意思是一場空歡喜或夢幻？,南柯一夢,塞翁失馬,葉公好龍,草木皆兵,10,1
Chinese,P4,115,以下哪個成語意思是避免引起別人懷疑？,瓜田李下,掩耳盜鈴,盲人瞎馬,杯弓蛇影,10,1
Chinese,P4,116,以下哪個成語意思是表面喜歡其實害怕？,葉公好龍,愚公移山,圖窮匕見,望梅止渴,10,1
Chinese,P4,117,以下哪個成語意思是非常危險的情況？,盲人瞎馬,狼狽為奸,熟能生巧,鷸蚌相爭,10,1
Chinese,P4,118,以下哪個成語意思是外表好但內裡差？,金玉其外,螳螂捕蟬,畫龍點睛,煮豆燃萁,10,1
Chinese,P4,119,以下哪個成語意思是力量太弱對抗強大？,螳臂擋車,狐假虎威,草木皆兵,畫蛇添足,10,1
Chinese,P4,120,以下哪個成語意思是驚慌到處都覺得有危險？,草木皆兵,塞翁失馬,圖窮匕見,望梅止渴,10,1
Chinese,P4,121,以下哪個成語意思是事情到最後露出真正目的？,圖窮匕見,掩耳盜鈴,合浦珠還,杯弓蛇影,10,1
Chinese,P4,122,以下哪個成語意思是失去的東西又得返？,合浦珠還,愚公移山,熟能生巧,煮豆燃萁,10,1
Chinese,P4,123,以下哪個成語意思是疑心生暗鬼自己嚇自己？,杯弓蛇影,狼狽為奸,望梅止渴,鷸蚌相爭,10,1
Chinese,P4,124,以下哪個成語意思是練習得多就會熟練？,熟能生巧,自相矛盾,畫龍點睛,囫圇吞棗,10,1
Chinese,P4,125,以下哪個成語意思是用想像安慰自己？,望梅止渴,守株待兔,煮豆燃萁,南轅北轍,10,1
Chinese,P4,126,以下哪個成語意思是兄弟相爭傷害自己人？,煮豆燃萁,狐假虎威,鷸蚌相爭,紙上談兵,10,1
Chinese,P4,127,以下哪個成語意思是雙方爭鬥都得不到好處？,鷸蚌相爭,塞翁失馬,畫龍點睛,城門失火,10,1
Chinese,P4,128,以下哪個成語意思是最後一刻加上最重要部分？,畫龍點睛,掩耳盜鈴,南柯一夢,守株待兔,10,1
Chinese,P4,129,以下哪個成語意思是自己犯法卻禁止別人？,州官放火,愚公移山,狼子野心,坐井觀天,10,1
Chinese,P4,130,以下哪個成語意思是壞人本性兇惡？,狼子野心,狐假虎威,兩敗俱傷,囫圇吞棗,10,1
Chinese,P4,131,以下哪個成語意思是眼光窄只見到一小部分？,坐井觀天,塞翁失馬,走馬看花,東施效顰,10,1
Chinese,P4,132,以下哪個成語意思是雙方打鬥都受損？,兩敗俱傷,掩耳盜鈴,杞人憂天,亡羊補牢,10,1
Chinese,P4,133,以下哪個成語意思是對事物不加思考而不求甚解？,囫圇吞棗,狼狽為奸,邯鄲學步,口蜜腹劍,10,1
Chinese,P4,134,以下哪個成語意思是匆匆忙忙只看表面？,走馬看花,自相矛盾,前倨後恭,好好先生,10,1
Chinese,P4,135,以下哪個成語意思是盲目模仿他人？,東施效顰,守株待兔,洛陽紙貴,乘風破浪,10,1
Chinese,P4,136,以下哪個成語意思是有勇氣克服困難向前？,乘風破浪,狐假虎威,亡羊補牢,杞人憂天,10,1
Chinese,P4,137,以下哪個成語意思是文章好多人抄傳開去？,洛陽紙貴,愚公移山,前倨後恭,好好先生,10,1
Chinese,P4,138,以下哪個成語意思是先前傲慢之後謙卑？,前倨後恭,掩耳盜鈴,邯鄲學步,口蜜腹劍,10,1
Chinese,P4,139,以下哪個成語意思是出了事之後才補救？,亡羊補牢,塞翁失馬,好好先生,杞人憂天,10,1
Chinese,P4,140,以下哪個成語意思是無謂擔心不可能事？,杞人憂天,狼狽為奸,口蜜腹劍,邯鄲學步,10,1
Chinese,P4,141,以下哪個成語意思是不得罪任何人？,好好先生,自相矛盾,樑上君子,此地無銀,10,1
Chinese,P4,142,以下哪個成語意思是盲目學人結果學壞？,邯鄲學步,守株待兔,口蜜腹劍,樑上君子,10,1
Chinese,P4,143,以下哪個成語意思是嘴甜心裡毒？,口蜜腹劍,狐假虎威,此地無銀,因勢利導,10,1
Chinese,P4,144,以下哪個成語意思是小偷或壞人？,樑上君子,塞翁失馬,山雞舞鏡,焦頭爛額,10,1
Chinese,P4,145,以下哪個成語意思是想隱瞞反而暴露？,此地無銀,掩耳盜鈴,因勢利導,山雞舞鏡,10,1
Chinese,P4,146,以下哪個成語意思是順住形勢引導做好事？,因勢利導,愚公移山,焦頭爛額,畫蛇添足,10,1
Chinese,P4,147,以下哪個成語意思是自鳴得意不知醜？,山雞舞鏡,狼狽為奸,畫蛇添足,破釜沉舟,10,1
Chinese,P4,148,以下哪個成語意思是忙到非常辛苦？,焦頭爛額,自相矛盾,破釜沉舟,同心同德,10,1
Chinese,P4,149,以下哪個成語意思是多此一舉？,畫蛇添足,守株待兔,同心同德,驚弓之鳥,10,1
Chinese,P4,150,以下哪個成語意思是下定決心不後退？,破釜沉舟,狐假虎威,驚弓之鳥,完璧歸趙,10,1
Chinese,P4,151,以下哪個成語意思是大家一條心？,同心同德,塞翁失馬,完璧歸趙,瞎子摸象,10,1
Chinese,P4,152,以下哪個成語意思是受驚後特別害怕？,驚弓之鳥,掩耳盜鈴,瞎子摸象,東窗事發,10,1
Chinese,P4,153,以下哪個成語意思是完整歸還他人東西？,完璧歸趙,愚公移山,東窗事發,朝三暮四,10,1
Chinese,P4,154,以下哪個成語意思是各人只講自己部分？,瞎子摸象,狼狽為奸,朝三暮四,出奇制勝,10,1
Chinese,P4,155,以下哪個成語意思是秘密事情被揭發？,東窗事發,自相矛盾,出奇制勝,覆水難收,10,1
Chinese,P4,156,以下哪個成語意思是經常改變主意？,朝三暮四,守株待兔,覆水難收,再作馮婦,10,1
Chinese,P4,157,以下哪個成語意思是用特別方法取勝？,出奇制勝,狐假虎威,再作馮婦,意氣揚揚,10,1
Chinese,P4,158,以下哪個成語意思是做過的事不能挽回？,覆水難收,塞翁失馬,意氣揚揚,臥薪嚐膽,10,1
Chinese,P4,159,以下哪個成語意思是再做以前做過的事？,再作馮婦,掩耳盜鈴,臥薪嚐膽,虎口餘生,10,1
Chinese,P4,160,以下哪個成語意思是非常得意的樣子？,意氣揚揚,愚公移山,虎口餘生,千里送鵝毛,10,1
Chinese,P4,161,以下哪個成語意思是刻苦努力準備報仇？,臥薪嚐膽,狼狽為奸,千里送鵝毛,南轅北轍,10,1
Chinese,P4,162,以下哪個成語意思是從危險中逃出生天？,虎口餘生,自相矛盾,南轅北轍,雞犬升天,10,1
Chinese,P4,163,以下哪個成語意思是輕微禮物表達心意？,千里送鵝毛,守株待兔,雞犬升天,唇亡齒寒,10,1
Chinese,P4,164,以下哪個成語意思是方向完全相反？,南轅北轍,狐假虎威,唇亡齒寒,一葉障目,10,1
Chinese,P4,165,以下哪個成語意思是跟住有權勢人得益？,雞犬升天,塞翁失馬,一葉障目,青雲直上,10,1
Chinese,P4,166,以下哪個成語意思是關係密切，一旦失敗便一同滅亡？,唇亡齒寒,掩耳盜鈴,青雲直上,因噎廢食,10,1
Chinese,P4,167,以下哪個成語意思是被小事遮住看唔到大局？,一葉障目,愚公移山,因噎廢食,未雨綢繆,10,1
Chinese,P4,168,以下哪個成語意思是突然得到高位？,青雲直上,狼狽為奸,未雨綢繆,聞雞起舞,10,1
Chinese,P4,169,以下哪個成語意思是因為一次失敗就放棄？,因噎廢食,自相矛盾,聞雞起舞,前度劉郎,10,1
Chinese,P4,170,以下哪個成語意思是事先做好準備？,未雨綢繆,守株待兔,前度劉郎,信口雌黃,10,1
Chinese,P4,171,以下哪個成語意思是聽到雞叫就起床努力？,聞雞起舞,狐假虎威,信口雌黃,比肩繼踵,10,1
Chinese,P4,172,以下哪個成語意思是舊時認識的人？,前度劉郎,塞翁失馬,比肩繼踵,因小失大,10,1
Chinese,P4,173,以下哪個成語意思是隨便亂講？,信口雌黃,掩耳盜鈴,因小失大,老生常談,10,1
Chinese,P4,174,以下哪個成語意思是人多擠迫？,比肩繼踵,愚公移山,老生常談,撲朔迷離,10,1
Chinese,P4,175,以下哪個成語意思是為了小事失去大利益？,因小失大,狼狽為奸,撲朔迷離,望洋興嘆,10,1
Chinese,P4,176,以下哪個成語意思是聽得多的老套說話？,老生常談,自相矛盾,望洋興嘆,黔驢技窮,10,1
Chinese,P4,177,以下哪個成語意思是複雜難辨真假？,撲朔迷離,守株待兔,黔驢技窮,明鏡高懸,10,1
Chinese,P4,178,以下哪個成語意思是看到大海覺得自己小？,望洋興嘆,狐假虎威,明鏡高懸,請君入甕,10,1
Chinese,P4,179,以下哪個成語意思是本領用盡無計可施？,黔驢技窮,塞翁失馬,請君入甕,斷鶴續鳧,10,1
Chinese,P4,180,以下哪個成語意思是公正判案？,明鏡高懸,掩耳盜鈴,斷鶴續鳧,半途而廢,10,1
Chinese,P4,181,以下哪個成語意思是用同樣方法對付對方？,請君入甕,愚公移山,半途而廢,月下老人,10,1
Chinese,P4,182,以下哪個成語意思是強行改變自然？,斷鶴續鳧,狼狽為奸,月下老人,指鹿為馬,10,1
Chinese,P4,183,以下哪個成語意思是做到一半就放棄？,半途而廢,自相矛盾,指鹿為馬,每下愈況,10,1
Chinese,P4,184,以下哪個成語意思是婚姻媒人？,月下老人,守株待兔,每下愈況,夜郎自大,10,1
Chinese,P4,185,以下哪個成語意思是故意顛倒是非？,指鹿為馬,狐假虎威,夜郎自大,死灰復燃,10,1
Chinese,P4,186,以下哪個成語意思是情況越來越差？,每下愈況,塞翁失馬,死灰復燃,與狐謀皮,10,1
Chinese,P4,187,以下哪個成語意思是非常自大無知？,夜郎自大,掩耳盜鈴,與狐謀皮,千萬買鄰,10,1
Chinese,P4,188,以下哪個成語意思是已經熄滅又再活躍？,死灰復燃,愚公移山,千萬買鄰,雞犬不驚,10,1
Chinese,P4,189,以下哪個成語意思是同壞人商量不可能事？,與狐謀皮,狼狽為奸,雞犬不驚,殺一警百,10,1
Chinese,P4,190,以下哪個成語意思是好鄰居好難得？,千萬買鄰,自相矛盾,殺一警百,滄海桑田,10,1
Chinese,P4,191,以下哪個成語意思是行動非常安靜？,雞犬不驚,守株待兔,滄海桑田,庸人自擾,10,1
Chinese,P4,192,以下哪個成語意思是懲罰一個警告其他人？,殺一警百,狐假虎威,庸人自擾,河東獅吼,10,1
Chinese,P4,193,以下哪個成語意思是世界大改變？,滄海桑田,塞翁失馬,河東獅吼,藍田生玉,10,1
Chinese,P4,194,以下哪個成語意思是自己無謂驚慌？,庸人自擾,掩耳盜鈴,藍田生玉,博士買驢,10,1
Chinese,P4,195,以下哪個成語意思是妻子兇悍？,河東獅吼,愚公移山,博士買驢,乘龍快婿,10,1
Chinese,P4,196,以下哪個成語意思是好子女？,藍田生玉,狼狽為奸,乘龍快婿,舉案齊眉,10,1
Chinese,P4,197,以下哪個成語意思是買錯東西？,博士買驢,自相矛盾,舉案齊眉,玩物喪志,10,1
Chinese,P4,198,以下哪個成語意思是好女婿？,乘龍快婿,守株待兔,玩物喪志,奇貨可居,10,1
Chinese,P4,199,以下哪個成語意思是夫妻恩愛？,舉案齊眉,狐假虎威,奇貨可居,嗟來之食,10,1
Chinese,P4,200,以下哪個成語意思是沉迷玩樂失去志向？,玩物喪志,塞翁失馬,嗟來之食,魚目混珠,10,1
Chinese,P4,201,以下哪個成語意思是有價值東西留住待高價？,奇貨可居,掩耳盜鈴,魚目混珠,黃粱一夢,10,1
Chinese,P4,202,以下哪個成語意思是帶侮辱的施捨？,嗟來之食,愚公移山,黃粱一夢,為虎作倀,10,1
Chinese,P4,203,以下哪個成語意思是假的混入真的？,魚目混珠,狼狽為奸,為虎作倀,每多掣肘,10,1
Chinese,P4,204,以下哪個成語意思是夢幻空想？,黃粱一夢,自相矛盾,每多掣肘,衣冠禽獸,10,1
Chinese,P4,205,以下哪個成語意思是幫壞人做壞事？,為虎作倀,守株待兔,衣冠禽獸,白龍魚服,10,1
Chinese,P4,206,以下哪個成語意思是做事受阻礙？,每多掣肘,狐假虎威,白龍魚服,束縕請火,10,1
Chinese,P4,207,以下哪個成語意思是外表好人其實壞？,衣冠禽獸,塞翁失馬,束縕請火,跛鱉千里,10,1
Chinese,P4,208,以下哪個成語意思是有地位的人但低調？,白龍魚服,掩耳盜鈴,跛鱉千里,五色無主,10,1
Chinese,P4,209,以下哪個成語意思是急時求助？,束縕請火,愚公移山,五色無主,歧路亡羊,10,1
Chinese,P4,210,以下哪個成語意思是慢但堅持可成功？,跛鱉千里,狼狽為奸,歧路亡羊,管鮑之交,10,1
Chinese,P4,211,以下哪個成語意思是驚慌失措？,五色無主,自相矛盾,管鮑之交,分道揚鑣,10,1
Chinese,P4,212,以下哪個成語意思是迷路不知去向？,歧路亡羊,守株待兔,分道揚鑣,推己及人,10,1
Chinese,P4,213,以下哪個成語意思是好朋友？,管鮑之交,狐假虎威,推己及人,開天闢地,10,1
Chinese,P4,214,以下哪個成語意思是各走各路？,分道揚鑣,塞翁失馬,開天闢地,門可羅雀,10,1
Chinese,P4,215,以下哪個成語意思是體諒他人？,推己及人,掩耳盜鈴,門可羅雀,大義滅親,10,1
Chinese,P4,216,以下哪個成語意思是創造世界開始？,開天闢地,愚公移山,大義滅親,癡人說夢,10,1
Chinese,P4,217,以下哪個成語意思是客人少門口冷清？,門可羅雀,狼狽為奸,癡人說夢,越俎代庖,10,1
Chinese,P4,218,以下哪個成語意思是為大義犧牲親人？,大義滅親,自相矛盾,越俎代庖,赤膊上陣,10,1
Chinese,P4,219,以下哪個成語意思是不可能的胡說？,癡人說夢,守株待兔,赤膊上陣,改過自新,10,1
Chinese,P4,220,以下哪個成語意思是越權做他人工作？,越俎代庖,狐假虎威,改過自新,三人成虎,10,1
Chinese,P4,221,以下哪個成語意思是無準備就上陣？,赤膊上陣,塞翁失馬,三人成虎,心勞日拙,10,1
Chinese,P4,222,以下哪個成語意思是改正錯誤重新開始？,改過自新,掩耳盜鈴,心勞日拙,家徒四壁,10,1
Chinese,P4,223,以下哪個成語意思是謠言傳多次變真？,三人成虎,愚公移山,家徒四壁,東食西宿,10,1
Chinese,P4,224,以下哪個成語意思是費力但無效果？,心勞日拙,狼狽為奸,東食西宿,金石為開,10,1
Chinese,P4,225,以下哪個成語意思是非常窮？,家徒四壁,自相矛盾,金石為開,奉公守法,10,1
Chinese,P4,226,以下哪個成語意思是兩邊都想得到？,東食西宿,守株待兔,奉公守法,爾虞我詐,10,1
Chinese,P4,227,以下哪個成語意思是真誠可感動？,金石為開,狐假虎威,爾虞我詐,身無長物,10,1
Chinese,P4,228,以下哪個成語意思是遵守法律？,奉公守法,塞翁失馬,身無長物,鄭人買履,10,1
Chinese,P4,229,以下哪個成語意思是互相欺騙？,爾虞我詐,掩耳盜鈴,鄭人買履,懸樑刺股,10,1
Chinese,P4,230,以下哪個成語意思是身上無多餘東西？,身無長物,愚公移山,懸樑刺股,暴虎馮河,10,1
Chinese,P4,231,以下哪個成語意思是死守規則不知變通？,鄭人買履,狼狽為奸,暴虎馮河,乘人之危,10,1
Chinese,P4,232,以下哪個成語意思是刻苦讀書？,懸樑刺股,自相矛盾,乘人之危,割蓆絕交,10,1
Chinese,P4,233,以下哪個成語意思是空手搏虎過河冒險？,暴虎馮河,守株待兔,割蓆絕交,千金買骨,10,1
Chinese,P4,234,以下哪個成語意思是趁人危難謀利？,乘人之危,狐假虎威,千金買骨,價值連城,10,1
Chinese,P4,235,以下哪個成語意思是斷絕朋友關係？,割蓆絕交,塞翁失馬,價值連城,汗流浹背,10,1
Chinese,P4,236,以下哪個成語意思是重金求人才？,千金買骨,掩耳盜鈴,汗流浹背,兼聽則明,10,1
Chinese,P4,237,以下哪個成語意思是非常貴重？,價值連城,愚公移山,兼聽則明,兵不厭詐,10,1
Chinese,P4,238,以下哪個成語意思是緊張到出汗？,汗流浹背,狼狽為奸,兵不厭詐,巧奪天工,10,1
Chinese,P4,239,以下哪個成語意思是多聽意見就清楚？,兼聽則明,自相矛盾,巧奪天工,作舍道旁,10,1
Chinese,P4,240,以下哪個成語意思是用計謀不擇手段？,兵不厭詐,守株待兔,作舍道旁,買櫝還珠,10,1
Chinese,P4,241,以下哪個成語意思是技巧高超？,巧奪天工,狐假虎威,買櫝還珠,冥頑不靈,10,1
Chinese,P4,242,以下哪個成語意思是只講不做？,作舍道旁,塞翁失馬,冥頑不靈,苟延殘喘,10,1
Chinese,P4,243,以下哪個成語意思是捨本逐末？,買櫝還珠,掩耳盜鈴,苟延殘喘,各自為政,10,1
Chinese,P4,244,以下哪個成語意思是非常頑固？,冥頑不靈,愚公移山,各自為政,推敲推敲,10,1
Chinese,P4,245,以下哪個成語意思是勉強維持生命？,苟延殘喘,狼狽為奸,推敲推敲,狡兔三窟,10,1
Chinese,P4,246,以下哪個成語意思是各做各事不配合？,各自為政,自相矛盾,狡兔三窟,孺子可教,10,1
Chinese,P4,247,以下哪個成語意思是反覆思考字眼？,推敲推敲,守株待兔,孺子可教,破鏡重圓,10,1
Chinese,P4,248,以下哪個成語意思是狡猾多逃生方法？,狡兔三窟,狐假虎威,破鏡重圓,呆若木雞,10,1
Chinese,P4,249,以下哪個成語意思是年輕人有前途？,孺子可教,塞翁失馬,呆若木雞,不名一錢,10,1
Chinese,P4,250,以下哪個成語意思是夫妻和好？,破鏡重圓,掩耳盜鈴,不名一錢,雞鳴狗盜,10,1
Chinese,P4,251,以下哪個成語意思是嚇到呆住？,呆若木雞,愚公移山,雞鳴狗盜,傍人門戶,10,1
Chinese,P4,252,以下哪個成語意思是非常窮一文都無？,不名一錢,狼狽為奸,傍人門戶,先斬後奏,10,1
Chinese,P4,253,以下哪個成語意思是用卑鄙方法？,雞鳴狗盜,自相矛盾,先斬後奏,綠衣使者,10,1
Chinese,P4,254,以下哪個成語意思是依賴他人？,傍人門戶,守株待兔,綠衣使者,狗尾續貂,10,1
Chinese,P4,255,以下哪個成語意思是先行動後報告？,先斬後奏,狐假虎威,狗尾續貂,太公釣魚,10,1
Chinese,P4,256,以下哪個成語意思是傳信人？,綠衣使者,塞翁失馬,太公釣魚,千金一笑,10,1
Chinese,P4,257,以下哪個成語意思是多餘無用附加？,狗尾續貂,掩耳盜鈴,千金一笑,老馬識途,10,1
Chinese,P4,258,以下哪個成語意思是耐心等待機會？,太公釣魚,愚公移山,老馬識途,見怪不怪,10,1
Chinese,P4,259,以下哪個成語意思是美女一笑很難得而貴重？,千金一笑,狼狽為奸,見怪不怪,非同小可,10,1
Chinese,P4,260,以下哪個成語意思是有經驗識路？,老馬識途,自相矛盾,非同小可,含沙射影,10,1
Chinese,P4,261,以下哪個成語意思是見到奇怪事不驚奇？,見怪不怪,守株待兔,含沙射影,死裏求生,10,1
Chinese,P4,262,以下哪個成語意思是非常重要？,非同小可,狐假虎威,死裏求生,遊刃有餘,10,1
Chinese,P4,263,以下哪個成語意思是暗中害人？,含沙射影,塞翁失馬,遊刃有餘,點石成金,10,1
Chinese,P4,264,以下哪個成語意思是危險中找出路？,死裏求生,掩耳盜鈴,點石成金,至死不悟,10,1
Chinese,P4,265,以下哪個成語意思是做事非常熟練？,遊刃有餘,愚公移山,至死不悟,得不償失,10,1
Chinese,P4,266,以下哪個成語意思是將普通變得不平凡？,點石成金,狼狽為奸,得不償失,上下其手,10,1
Chinese,P4,267,以下哪個成語意思是到死都不明白？,至死不悟,自相矛盾,上下其手,精衛填海,10,1
Chinese,P4,268,以下哪個成語意思是得到少過失去？,得不償失,守株待兔,精衛填海,天衣無縫,10,1
Chinese,P4,269,以下哪個成語意思是暗中做手腳？,上下其手,狐假虎威,天衣無縫,對牛彈琴,10,1
Chinese,P4,270,以下哪個成語意思是堅持不懈？,精衛填海,塞翁失馬,對牛彈琴,投鼠忌器,10,1
Chinese,P4,271,以下哪個成語意思是完美無缺？,天衣無縫,掩耳盜鈴,投鼠忌器,各有所能,10,1
Chinese,P4,272,以下哪個成語意思是對不懂的人講？,對牛彈琴,愚公移山,各有所能,三令五申,10,1
Chinese,P4,273,以下哪個成語意思是做小事怕影響大？,投鼠忌器,狼狽為奸,三令五申,梧鼠學技,10,1
Chinese,P4,274,以下哪個成語意思是各人有各人長處？,各有所能,自相矛盾,梧鼠學技,沉魚落雁,10,1
Chinese,P4,275,以下哪個成語意思是多次命令？,三令五申,守株待兔,沉魚落雁,屠龍之技,10,1
Chinese,P4,276,以下哪個成語意思是學多樣但無一精？,梧鼠學技,狐假虎威,屠龍之技,死裏求生,10,1
Chinese,P4,277,以下哪個成語意思是極美麗？,沉魚落雁,塞翁失馬,遊刃有餘,點石成金,10,1
Chinese,P4,278,以下哪個成語意思是很高深但無用技巧？,屠龍之技,掩耳盜鈴,至死不悟,得不償失,10,1
English,P3,279,be,是/存在,做,來,去,10,1
English,P3,280,have,有/擁有,是/存在,去,得到/變成,10,1
English,P3,281,do,做,有/擁有,來,製作/製造,10,1
English,P3,282,go,去,做,得到/變成,知道,10,1
English,P3,283,come,來,去,製作/製造,想/認為,10,1
English,P3,284,get,得到/變成,來,知道,拿/帶/花費,10,1
English,P3,285,make,製作/製造,得到/變成,想/認為,看見,10,1
English,P3,286,know,知道,製作/製造,拿/帶/花費,看,10,1
English,P3,287,think,想/認為,知道,看見,想要,10,1
English,P3,288,take,拿/帶/花費,想/認為,看,使用,10,1
English,P3,289,see,看見,拿/帶/花費,想要,找到,10,1
English,P3,290,look,看,看見,使用,給,10,1
English,P3,291,want,想要,看,找到,告訴,10,1
English,P3,292,use,使用,想要,給,工作,10,1
English,P3,293,find,找到,使用,告訴,叫/打電話,10,1
English,P3,294,give,給,找到,工作,嘗試,10,1
English,P3,295,tell,告訴,給,叫/打電話,問,10,1
English,P3,296,work,工作,告訴,嘗試,需要,10,1
English,P3,297,call,叫/打電話,工作,問,感覺,10,1
English,P3,298,try,嘗試,叫/打電話,需要,變成,10,1
English,P3,299,ask,問,嘗試,感覺,離開,10,1
English,P3,300,need,需要,問,變成,放,10,1
English,P3,301,feel,感覺,需要,離開,意思是,10,1
English,P3,302,become,變成,感覺,放,保持,10,1
English,P3,303,leave,離開,變成,意思是,讓/允許,10,1
English,P3,304,put,放,離開,保持,開始,10,1
English,P3,305,mean,意思是,放,讓/允許,幫助,10,1
English,P3,306,keep,保持,意思是,開始,說話/談話,10,1
English,P3,307,let,让/允許,保持,幫助,轉/變成,10,1
English,P3,308,begin,開始,让/允許,說話/談話,展示,10,1
English,P3,309,help,幫助,開始,轉/變成,聽見,10,1
English,P3,310,talk,說話/談話,幫助,展示,玩/播放,10,1
English,P3,311,turn,轉/變成,說話/談話,聽見,跑,10,1
English,P3,312,show,展示,轉/變成,玩/播放,移動,10,1
English,P3,313,hear,聽見,展示,跑,喜歡,10,1
English,P3,314,play,玩/播放,聽見,移動,居住,10,1
English,P3,315,run,跑,玩/播放,喜歡,相信,10,1
English,P3,316,move,移動,跑,居住,握/持有,10,1
English,P3,317,like,喜歡,移動,相信,帶來,10,1
English,P3,318,live,居住,喜歡,握/持有,發生,10,1
English,P3,319,believe,相信,居住,帶來,寫,10,1
English,P3,320,hold,握/持有,相信,發生,讀,10,1
English,P3,321,bring,帶來,握/持有,寫,走路,10,1
English,P3,322,happen,發生,帶來,讀,觀看,10,1
English,P3,323,write,寫,發生,走路,跟隨,10,1
English,P3,324,read,讀,寫,觀看,停止,10,1
English,P3,325,walk,走路,讀,跟隨,打開,10,1
English,P3,326,watch,觀看,走路,停止,關閉,10,1
English,P3,327,follow,跟隨,觀看,打開,買,10,1
English,P3,328,stop,停止,跟隨,關閉,賣,10,1
English,P3,329,open,打開,停止,買,吃,10,1
English,P3,330,close,關閉,打開,賣,喝,10,1
English,P3,331,buy,買,關閉,吃,煮/烹飪,10,1
English,P3,332,sell,賣,買,喝,清潔,10,1
English,P3,333,eat,吃,賣,煮/烹飪,洗,10,1
English,P3,334,drink,喝,吃,清潔,穿,10,1
English,P3,335,cook,煮/烹飪,喝,洗,參觀/拜訪,10,1
English,P3,336,clean,清潔,煮/烹飪,穿,旅行,10,1
English,P3,337,wash,洗,清潔,參觀/拜訪,學習,10,1
English,P3,338,wear,穿,洗,旅行,學習/研究,10,1
English,P3,339,visit,參觀/拜訪,穿,學習,教,10,1
English,P3,340,travel,旅行,參觀/拜訪,學習/研究,享受,10,1
English,P3,341,learn,學習,旅行,教,愛,10,1
English,P3,342,study,學習/研究,學習,享受,討厭,10,1
English,P3,343,teach,教,學習/研究,愛,等待,10,1
English,P3,344,enjoy,享受,教,討厭,遇見,10,1
English,P3,345,love,愛,享受,等待,加入,10,1
English,P3,346,hate,討厭,愛,遇見,贏,10,1
English,P3,347,wait,等待,討厭,加入,輸/失去,10,1
English,P3,348,meet,遇見,等待,贏,改變,10,1
English,P3,349,join,加入,遇見,輸/失去,完成,10,1
English,P3,350,win,贏,加入,改變,記得,10,1
English,P3,351,lose,輸/失去,贏,完成,忘記,10,1
English,P3,352,change,改變,輸/失去,記得,選擇,10,1
English,P3,353,finish,完成,改變,忘記,決定,10,1
English,P3,354,remember,記得,完成,選擇,計劃,10,1
English,P3,355,forget,忘記,記得,決定,希望,10,1
English,P3,356,choose,選擇,忘記,計劃,希望/許願,10,1
English,P3,357,decide,決定,選擇,希望,承諾,10,1
English,P3,358,plan,計劃,決定,希望/許願,同意,10,1
English,P3,359,hope,希望,計劃,承諾,不同意,10,1
English,P3,360,wish,希望/許願,希望,同意,解釋,10,1
English,P3,361,promise,承諾,希望/許願,不同意,明白/理解,10,1
English,P3,362,agree,同意,承諾,解釋,想/想像,10,1
English,P3,363,disagree,不同意,同意,明白/理解,畫,10,1
English,P3,364,explain,解釋,不同意,想/想像,唱歌,10,1
English,P3,365,understand,明白/理解,解釋,畫,跳舞,10,1
English,P3,366,imagine,想/想像,明白/理解,唱歌,游泳,10,1
English,P3,367,draw,畫,想/想像,跳舞,騎,10,1
English,P3,368,sing,唱歌,畫,游泳,駕駛,10,1
English,P3,369,dance,跳舞,唱歌,騎,飛,10,1
English,P3,370,swim,游泳,跳舞,駕駛,到達,10,1
English,P3,371,ride,騎,游泳,飛,返回,10,1
English,P3,372,drive,駕駛,騎,到達,寄/送,10,1
English,P3,373,fly,飛,駕駛,返回,收到,10,1
English,P3,374,arrive,到達,飛,寄/送,是/存在,10,1
English,P3,375,return,返回,到達,收到,有/擁有,10,1
English,P3,376,send,寄/送,返回,是/存在,做,10,1
English,P3,377,receive,收到,寄/送,有/擁有,去,10,1
Maths,P1,378,17 + 50 = ?,67,57,66,68,10,1
Maths,P1,379,60 + 85 = ?,145,144,146,155,10,1
Maths,P1,380,53 + 58 = ?,111,112,121,101,10,1
Maths,P1,381,40 + 96 = ?,136,137,146,126,10,1
Maths,P1,382,90 + 17 = ?,107,97,106,108,10,1
Maths,P1,383,17 + 88 = ?,105,104,106,115,10,1
Maths,P1,384,45 + 86 = ?,131,121,130,132,10,1
Maths,P1,385,18 + 45 = ?,63,64,73,53,10,1
Maths,P1,386,31 + 78 = ?,109,99,108,110,10,1
Maths,P1,387,79 + 98 = ?,177,176,178,187,10,1
Maths,P1,388,68 + 89 = ?,157,147,156,158,10,1
Maths,P1,389,80 + 39 = ?,119,120,129,109,10,1
Maths,P1,390,60 + 35 = ?,95,96,105,85,10,1
Maths,P1,391,58 + 22 = ?,80,81,90,70,10,1
Maths,P1,392,86 + 15 = ?,101,91,100,102,10,1
Maths,P1,393,63 + 38 = ?,101,91,100,102,10,1
Maths,P1,394,44 + 30 = ?,74,64,73,75,10,1
Maths,P1,395,79 + 73 = ?,152,153,162,142,10,1
Maths,P1,396,82 + 22 = ?,104,105,114,94,10,1
Maths,P1,397,66 + 79 = ?,145,144,146,155,10,1
Maths,P1,398,69 + 63 = ?,132,122,131,133,10,1
Maths,P1,399,20 + 40 = ?,60,50,59,61,10,1
Maths,P1,400,15 + 16 = ?,31,32,41,21,10,1
Maths,P1,401,30 + 97 = ?,127,128,137,117,10,1
Maths,P1,402,64 + 53 = ?,117,107,116,118,10,1
Maths,P1,403,19 + 11 = ?,30,40,20,29,10,1
Maths,P1,404,44 + 18 = ?,62,72,52,61,10,1
Maths,P1,405,32 + 84 = ?,116,106,115,117,10,1
Maths,P1,406,88 + 19 = ?,107,97,106,108,10,1
Maths,P1,407,16 + 93 = ?,109,99,108,110,10,1
Maths,P1,408,78 + 67 = ?,145,144,146,155,10,1
Maths,P1,409,46 + 36 = ?,82,72,81,83,10,1
Maths,P1,410,44 + 74 = ?,118,128,108,117,10,1
Maths,P1,411,21 + 85 = ?,106,96,105,107,10,1
Maths,P1,412,84 + 64 = ?,148,138,147,149,10,1
Maths,P1,413,77 + 54 = ?,131,121,130,132,10,1
Maths,P1,414,42 + 20 = ?,62,72,52,61,10,1
Maths,P1,415,94 + 25 = ?,119,120,129,109,10,1
Maths,P1,416,10 + 86 = ?,96,97,106,86,10,1
Maths,P1,417,34 + 34 = ?,68,58,67,69,10,1
Maths,P1,418,32 + 88 = ?,120,121,130,110,10,1
Maths,P1,419,49 + 38 = ?,87,88,97,77,10,1
Maths,P1,420,93 + 18 = ?,111,112,121,101,10,1
Maths,P1,421,56 + 49 = ?,105,104,106,115,10,1
Maths,P1,422,65 + 18 = ?,83,73,82,84,10,1
Maths,P1,423,19 + 78 = ?,97,96,98,107,10,1
Maths,P1,424,84 + 13 = ?,97,96,98,107,10,1
Maths,P1,425,39 + 56 = ?,95,96,105,85,10,1
Maths,P1,426,87 + 42 = ?,129,128,130,139,10,1
Maths,P1,427,68 + 63 = ?,131,121,130,132,10,1
Maths,P1,428,80 + 48 = ?,128,129,138,118,10,1
Maths,P1,429,56 + 38 = ?,94,104,84,93,10,1
Maths,P1,430,23 + 41 = ?,64,65,74,54,10,1
Maths,P1,431,70 + 95 = ?,165,155,164,166,10,1
Maths,P1,432,16 + 24 = ?,40,41,50,30,10,1
Maths,P1,433,61 + 80 = ?,141,131,140,142,10,1
Maths,P1,434,82 + 88 = ?,170,160,169,171,10,1
Maths,P1,435,15 + 55 = ?,70,80,60,69,10,1
Maths,P1,436,51 + 17 = ?,68,58,67,69,10,1
Maths,P1,437,64 + 24 = ?,88,89,98,78,10,1
Maths,P1,438,90 + 40 = ?,130,120,129,131,10,1
Maths,P1,439,87 + 93 = ?,180,170,179,181,10,1
Maths,P1,440,65 + 51 = ?,116,106,115,117,10,1
Maths,P1,441,61 + 53 = ?,114,104,113,115,10,1
Maths,P1,442,44 + 28 = ?,72,73,82,62,10,1
Maths,P1,443,59 + 73 = ?,132,122,131,133,10,1
Maths,P1,444,70 + 80 = ?,150,160,140,149,10,1
Maths,P1,445,19 + 85 = ?,104,105,114,94,10,1
Maths,P1,446,17 + 31 = ?,48,49,58,38,10,1
Maths,P1,447,61 + 72 = ?,133,123,132,134,10,1
Maths,P1,448,27 + 29 = ?,56,57,66,46,10,1
Maths,P1,449,13 + 20 = ?,33,32,34,43,10,1
Maths,P1,450,39 + 18 = ?,57,56,58,67,10,1
Maths,P1,451,96 + 58 = ?,154,144,153,155,10,1
Maths,P1,452,98 + 29 = ?,127,128,137,117,10,1
Maths,P1,453,70 + 47 = ?,117,107,116,118,10,1
Maths,P1,454,38 + 44 = ?,82,72,81,83,10,1
Maths,P1,455,33 + 16 = ?,49,48,50,59,10,1
Maths,P1,456,39 + 47 = ?,86,96,76,85,10,1
Maths,P1,457,40 + 45 = ?,85,75,84,86,10,1
Maths,P1,458,95 + 77 = ?,172,162,171,173,10,1
Maths,P1,459,27 + 69 = ?,96,97,106,86,10,1
Maths,P1,460,85 + 38 = ?,123,113,122,124,10,1
Maths,P1,461,83 + 46 = ?,129,128,130,139,10,1
Maths,P1,462,77 + 87 = ?,164,154,163,165,10,1
Maths,P1,463,76 + 72 = ?,148,138,147,149,10,1
Maths,P1,464,70 + 71 = ?,141,131,140,142,10,1
Maths,P1,465,49 + 94 = ?,143,144,153,133,10,1
Maths,P1,466,35 + 49 = ?,84,74,83,85,10,1
Maths,P1,467,41 + 57 = ?,98,88,97,99,10,1
Maths,P1,468,43 + 14 = ?,57,56,58,67,10,1
Maths,P1,469,75 + 94 = ?,169,168,170,179,10,1
Maths,P1,470,16 + 29 = ?,45,35,44,46,10,1
Maths,P1,471,50 + 25 = ?,75,65,74,76,10,1
Maths,P1,472,69 + 77 = ?,146,136,145,147,10,1
Maths,P1,473,32 + 48 = ?,80,81,90,70,10,1
Maths,P1,474,57 + 31 = ?,88,89,98,78,10,1
Maths,P1,475,48 + 88 = ?,136,137,146,126,10,1
Maths,P1,476,63 + 78 = ?,141,131,140,142,10,1
Maths,P1,477,45 + 66 = ?,111,112,121,101,10,1
Maths,P1,478,37 + 69 = ?,106,96,105,107,10,1
Maths,P1,479,62 + 72 = ?,134,144,124,133,10,1
Maths,P1,480,46 + 22 = ?,68,58,67,69,10,1
Maths,P1,481,29 + 82 = ?,111,112,121,101,10,1
Maths,P1,482,48 + 91 = ?,139,129,138,140,10,1
Maths,P1,483,24 + 18 = ?,42,32,41,43,10,1
Maths,P1,484,41 + 25 = ?,66,56,65,67,10,1
Maths,P1,485,93 + 57 = ?,150,160,140,149,10,1
Maths,P1,486,18 + 53 = ?,71,72,81,61,10,1
Maths,P1,487,45 + 10 = ?,55,56,65,45,10,1
Maths,P1,488,17 + 16 = ?,33,32,34,43,10,1
Maths,P1,489,96 + 61 = ?,157,147,156,158,10,1
Maths,P1,490,50 + 66 = ?,116,106,115,117,10,1
Maths,P1,491,95 + 58 = ?,153,152,154,163,10,1
Maths,P1,492,48 + 20 = ?,68,58,67,69,10,1
Maths,P1,493,43 + 94 = ?,137,136,138,147,10,1
Maths,P1,494,37 + 55 = ?,92,82,91,93,10,1
Maths,P1,495,52 + 79 = ?,131,121,130,132,10,1
Maths,P1,496,43 + 53 = ?,96,97,106,86,10,1
Maths,P1,497,35 + 28 = ?,63,64,73,53,10,1
Maths,P1,498,52 + 13 = ?,65,64,66,75,10,1
Maths,P1,499,64 + 80 = ?,144,145,154,134,10,1
Maths,P1,500,12 + 85 = ?,97,96,98,107,10,1
Maths,P1,501,34 + 18 = ?,52,42,51,53,10,1
Maths,P1,502,78 + 64 = ?,142,152,132,141,10,1
Maths,P1,503,37 + 61 = ?,98,88,97,99,10,1
Maths,P1,504,75 + 70 = ?,145,144,146,155,10,1
Maths,P1,505,93 + 73 = ?,166,176,156,165,10,1
Maths,P1,506,99 + 48 = ?,147,137,146,148,10,1
Maths,P1,507,43 + 30 = ?,73,72,74,83,10,1
Maths,P1,508,58 + 86 = ?,144,145,154,134,10,1
Maths,P1,509,97 + 95 = ?,192,193,202,182,10,1
Maths,P1,510,34 + 99 = ?,133,123,132,134,10,1
Maths,P1,511,78 + 25 = ?,103,104,113,93,10,1
Maths,P1,512,54 + 49 = ?,103,104,113,93,10,1
Maths,P1,513,95 + 44 = ?,139,129,138,140,10,1
Maths,P1,514,67 + 25 = ?,92,82,91,93,10,1
Maths,P1,515,84 + 86 = ?,170,160,169,171,10,1
Maths,P1,516,36 + 97 = ?,133,123,132,134,10,1
Maths,P1,517,31 + 43 = ?,74,64,73,75,10,1
Maths,P1,518,22 + 58 = ?,80,81,90,70,10,1
Maths,P1,519,13 + 41 = ?,54,64,44,53,10,1
Maths,P1,520,53 + 13 = ?,66,56,65,67,10,1
Maths,P1,521,63 + 95 = ?,158,168,148,157,10,1
Maths,P1,522,23 + 64 = ?,87,88,97,77,10,1
Maths,P1,523,55 + 64 = ?,119,120,129,109,10,1
Maths,P1,524,49 + 23 = ?,72,73,82,62,10,1
Maths,P1,525,74 + 87 = ?,161,160,162,171,10,1
Maths,P1,526,41 + 69 = ?,110,120,100,109,10,1
Maths,P1,527,26 + 15 = ?,41,40,42,51,10,1
Maths,P1,528,48 + 74 = ?,122,112,121,123,10,1
Maths,P1,529,25 + 34 = ?,59,49,58,60,10,1
Maths,P1,530,80 + 19 = ?,99,89,98,100,10,1
Maths,P1,531,44 + 49 = ?,93,83,92,94,10,1
Maths,P1,532,30 + 99 = ?,129,128,130,139,10,1
Maths,P1,533,45 + 67 = ?,112,113,122,102,10,1
Maths,P1,534,97 + 91 = ?,188,178,187,189,10,1
Maths,P1,535,31 + 62 = ?,93,83,92,94,10,1
Maths,P1,536,64 + 14 = ?,78,88,68,77,10,1
Maths,P1,537,43 + 41 = ?,84,74,83,85,10,1
Maths,P1,538,19 + 83 = ?,102,112,92,101,10,1
Maths,P1,539,20 + 30 = ?,50,40,49,51,10,1
Maths,P1,540,72 + 18 = ?,90,80,89,91,10,1
Maths,P1,541,86 + 18 = ?,104,105,114,94,10,1
Maths,P1,542,18 + 74 = ?,92,82,91,93,10,1
Maths,P1,543,41 + 21 = ?,62,72,52,61,10,1
Maths,P1,544,82 + 76 = ?,158,168,148,157,10,1
Maths,P1,545,20 + 20 = ?,40,41,50,30,10,1
Maths,P1,546,67 + 30 = ?,97,96,98,107,10,1
Maths,P1,547,15 + 94 = ?,109,99,108,110,10,1
Maths,P1,548,66 + 20 = ?,86,96,76,85,10,1
Maths,P1,549,99 + 68 = ?,167,168,177,157,10,1
Maths,P1,550,27 + 23 = ?,50,40,49,51,10,1
Maths,P1,551,92 + 48 = ?,140,130,139,141,10,1
Maths,P1,552,16 + 21 = ?,37,27,36,38,10,1
Maths,P1,553,88 + 74 = ?,162,152,161,163,10,1
Maths,P1,554,92 + 29 = ?,121,120,122,131,10,1
Maths,P1,555,19 + 97 = ?,116,106,115,117,10,1
Maths,P1,556,50 + 43 = ?,93,83,92,94,10,1
Maths,P1,557,94 + 35 = ?,129,128,130,139,10,1
Maths,P1,558,68 + 28 = ?,96,97,106,86,10,1
Maths,P1,559,91 + 56 = ?,147,137,146,148,10,1
Maths,P1,560,37 + 53 = ?,90,80,89,91,10,1
Maths,P1,561,51 + 37 = ?,88,89,98,78,10,1
Maths,P1,562,56 + 83 = ?,139,129,138,140,10,1
Maths,P1,563,57 + 30 = ?,87,88,97,77,10,1
Maths,P1,564,63 + 59 = ?,122,112,121,123,10,1
Maths,P1,565,91 + 89 = ?,180,170,179,181,10,1
Maths,P1,566,73 + 21 = ?,94,104,84,93,10,1
Maths,P1,567,87 + 91 = ?,178,168,177,179,10,1
Maths,P1,568,15 + 54 = ?,69,59,68,70,10,1
Maths,P1,569,26 + 34 = ?,60,50,59,61,10,1
Maths,P1,570,90 + 85 = ?,175,176,185,165,10,1
Maths,P1,571,99 + 23 = ?,122,112,121,123,10,1
Maths,P1,572,19 + 66 = ?,85,75,84,86,10,1
Maths,P1,573,21 + 47 = ?,68,58,67,69,10,1
Maths,P1,574,94 + 57 = ?,151,152,161,141,10,1
Maths,P1,575,41 + 30 = ?,71,72,81,61,10,1
Maths,P1,576,66 + 76 = ?,142,152,132,141,10,1
Maths,P1,577,87 + 87 = ?,174,184,164,173,10,1
Maths,P1,578,23 + 90 = ?,113,112,114,123,10,1
Maths,P1,579,24 + 97 = ?,121,120,122,131,10,1
Maths,P1,580,69 + 16 = ?,85,75,84,86,10,1
Maths,P1,581,20 + 39 = ?,59,49,58,60,10,1
Maths,P1,582,46 + 30 = ?,76,66,75,77,10,1
Maths,P1,583,40 + 82 = ?,122,112,121,123,10,1
Maths,P1,584,59 + 43 = ?,102,112,92,101,10,1
Maths,P1,585,37 + 39 = ?,76,66,75,77,10,1
Maths,P1,586,10 + 19 = ?,29,19,28,30,10,1
Maths,P1,587,72 + 42 = ?,114,104,113,115,10,1
Maths,P1,588,17 + 36 = ?,53,43,52,54,10,1
Maths,P1,589,39 + 96 = ?,135,136,145,125,10,1
Maths,P1,590,90 + 97 = ?,187,177,186,188,10,1
Maths,P1,591,28 + 65 = ?,93,83,92,94,10,1
Maths,P1,592,15 + 68 = ?,83,73,82,84,10,1
Maths,P1,593,30 + 17 = ?,47,48,57,37,10,1
Maths,P1,594,91 + 45 = ?,136,137,146,126,10,1
Maths,P1,595,84 + 80 = ?,164,154,163,165,10,1
Maths,P1,596,98 + 90 = ?,188,178,187,189,10,1
Maths,P1,597,83 + 34 = ?,117,107,116,118,10,1
Maths,P1,598,66 + 53 = ?,119,120,129,109,10,1
Maths,P1,599,43 + 26 = ?,69,59,68,70,10,1
Maths,P1,600,54 + 38 = ?,92,82,91,93,10,1
Maths,P1,601,37 + 18 = ?,55,56,65,45,10,1
Maths,P1,602,13 + 59 = ?,72,73,82,62,10,1
Maths,P1,603,84 + 71 = ?,155,145,154,156,10,1
Maths,P1,604,38 + 97 = ?,135,136,145,125,10,1
Maths,P1,605,19 + 46 = ?,65,64,66,75,10,1
Maths,P1,606,60 + 92 = ?,152,153,162,142,10,1
Maths,P1,607,12 + 24 = ?,36,26,35,37,10,1
Maths,P1,608,67 + 66 = ?,133,123,132,134,10,1
Maths,P1,609,32 + 76 = ?,108,98,107,109,10,1
Maths,P1,610,33 + 72 = ?,105,104,106,115,10,1
Maths,P1,611,45 + 15 = ?,60,50,59,61,10,1
Maths,P1,612,87 + 36 = ?,123,113,122,124,10,1
Maths,P1,613,65 + 85 = ?,150,160,140,149,10,1
Maths,P1,614,34 + 61 = ?,95,96,105,85,10,1
Maths,P1,615,58 + 14 = ?,72,73,82,62,10,1
Maths,P1,616,14 + 57 = ?,71,72,81,61,10,1
Maths,P1,617,62 + 69 = ?,131,121,130,132,10,1
Maths,P1,618,24 + 43 = ?,67,57,66,68,10,1
Maths,P1,619,84 + 79 = ?,163,153,162,164,10,1
Maths,P1,620,47 + 80 = ?,127,128,137,117,10,1
Maths,P1,621,99 + 79 = ?,178,168,177,179,10,1
Maths,P1,622,93 + 77 = ?,170,160,169,171,10,1
Maths,P1,623,53 + 36 = ?,89,88,90,99,10,1
Maths,P1,624,43 + 60 = ?,103,104,113,93,10,1
Maths,P1,625,23 + 55 = ?,78,88,68,77,10,1
Maths,P1,626,49 + 83 = ?,132,122,131,133,10,1
Maths,P1,627,41 + 38 = ?,79,80,89,69,10,1
Maths,P1,628,18 + 59 = ?,77,67,76,78,10,1
Maths,P1,629,62 + 51 = ?,113,112,114,123,10,1
Maths,P1,630,37 + 71 = ?,108,98,107,109,10,1
Maths,P1,631,41 + 23 = ?,64,65,74,54,10,1
Maths,P1,632,99 + 42 = ?,141,131,140,142,10,1
Maths,P1,633,35 + 93 = ?,128,129,138,118,10,1
Maths,P1,634,78 + 13 = ?,91,81,90,92,10,1
Maths,P1,635,81 + 94 = ?,175,176,185,165,10,1
Maths,P1,636,98 + 10 = ?,108,98,107,109,10,1
Maths,P1,637,52 + 21 = ?,73,72,74,83,10,1
Maths,P1,638,83 + 70 = ?,153,152,154,163,10,1
Maths,P1,639,50 + 37 = ?,87,88,97,77,10,1
Maths,P1,640,40 + 26 = ?,66,56,65,67,10,1
Maths,P1,641,68 + 51 = ?,119,120,129,109,10,1
Maths,P1,642,64 + 37 = ?,101,91,100,102,10,1
Maths,P1,643,37 + 17 = ?,54,64,44,53,10,1
Maths,P1,644,58 + 71 = ?,129,128,130,139,10,1
Maths,P1,645,16 + 96 = ?,112,113,122,102,10,1
Maths,P1,646,49 + 56 = ?,105,104,106,115,10,1
Maths,P1,647,25 + 68 = ?,93,83,92,94,10,1
Maths,P1,648,81 + 40 = ?,121,120,122,131,10,1
Maths,P1,649,33 + 34 = ?,67,57,66,68,10,1
Maths,P1,650,30 + 57 = ?,87,88,97,77,10,1
Maths,P1,651,68 + 10 = ?,78,88,68,77,10,1
Maths,P1,652,67 + 12 = ?,79,80,89,69,10,1
Maths,P1,653,52 + 45 = ?,97,96,98,107,10,1
Maths,P1,654,96 + 79 = ?,175,176,185,165,10,1
Maths,P1,655,96 + 37 = ?,133,123,132,134,10,1
Maths,P1,656,39 + 38 = ?,77,67,76,78,10,1
Maths,P1,657,22 + 17 = ?,39,40,49,29,10,1
Maths,P1,658,73 + 51 = ?,124,114,123,125,10,1
Maths,P1,659,95 + 72 = ?,167,168,177,157,10,1
Maths,P1,660,84 + 99 = ?,183,184,193,173,10,1
Maths,P1,661,65 + 10 = ?,75,65,74,76,10,1
Maths,P1,662,62 + 34 = ?,96,97,106,86,10,1
Maths,P1,663,82 + 94 = ?,176,177,186,166,10,1
Maths,P1,664,99 + 97 = ?,196,186,195,197,10,1
Maths,P1,665,25 + 69 = ?,94,104,84,93,10,1
Maths,P1,666,79 + 77 = ?,156,146,155,157,10,1
Maths,P1,667,79 + 38 = ?,117,107,116,118,10,1
Maths,P1,668,13 + 15 = ?,28,18,27,29,10,1
Maths,P1,669,43 + 58 = ?,101,91,100,102,10,1
Maths,P1,670,82 + 48 = ?,130,120,129,131,10,1
Maths,P1,671,94 + 65 = ?,159,160,169,149,10,1
Maths,P1,672,72 + 23 = ?,95,96,105,85,10,1
Maths,P1,673,41 + 95 = ?,136,137,146,126,10,1
Maths,P1,674,11 + 95 = ?,106,96,105,107,10,1
Maths,P1,675,37 + 74 = ?,111,112,121,101,10,1
Maths,P1,676,64 + 99 = ?,163,153,162,164,10,1
Maths,P1,677,90 + 89 = ?,179,169,178,180,10,1
Maths,P1,678,82 + 41 = ?,123,113,122,124,10,1
Maths,P1,679,87 + 43 = ?,130,120,129,131,10,1
Maths,P1,680,38 + 61 = ?,99,89,98,100,10,1
Maths,P1,681,34 + 47 = ?,81,80,82,91,10,1
Maths,P1,682,35 + 29 = ?,64,65,74,54,10,1
Maths,P1,683,52 + 62 = ?,114,104,113,115,10,1
Maths,P1,684,48 + 59 = ?,107,97,106,108,10,1
Maths,P1,685,39 + 14 = ?,53,43,52,54,10,1
Maths,P1,686,81 + 62 = ?,143,144,153,133,10,1
Maths,P1,687,46 + 46 = ?,92,82,91,93,10,1
Maths,P1,688,19 + 75 = ?,94,104,84,93,10,1
Maths,P1,689,52 + 55 = ?,107,97,106,108,10,1
Maths,P1,690,26 + 83 = ?,109,99,108,110,10,1
Maths,P1,691,97 + 86 = ?,183,184,193,173,10,1
Maths,P1,692,53 + 95 = ?,148,138,147,149,10,1
Maths,P1,693,42 + 71 = ?,113,112,114,123,10,1
Maths,P1,694,50 + 65 = ?,115,105,114,116,10,1
Maths,P1,695,92 + 64 = ?,156,146,155,157,10,1
Maths,P1,696,27 + 43 = ?,70,80,60,69,10,1
Maths,P1,697,10 + 48 = ?,58,48,57,59,10,1
Maths,P1,698,90 + 37 = ?,127,128,137,117,10,1
Maths,P1,699,92 + 19 = ?,111,112,121,101,10,1
Maths,P1,700,91 + 64 = ?,155,145,154,156,10,1
Maths,P1,701,52 + 50 = ?,102,112,92,101,10,1
Maths,P1,702,36 + 95 = ?,131,121,130,132,10,1
Maths,P1,703,27 + 64 = ?,91,81,90,92,10,1
Maths,P1,704,14 + 39 = ?,53,43,52,54,10,1
Maths,P1,705,55 + 36 = ?,91,81,90,92,10,1
Maths,P1,706,65 + 30 = ?,95,96,105,85,10,1
Maths,P1,707,98 + 86 = ?,184,185,194,174,10,1
Maths,P1,708,42 + 80 = ?,122,112,121,123,10,1
Maths,P1,709,81 + 11 = ?,92,82,91,93,10,1
Maths,P1,710,79 + 16 = ?,95,96,105,85,10,1
Maths,P1,711,58 + 96 = ?,154,144,153,155,10,1
Maths,P1,712,23 + 11 = ?,34,24,33,35,10,1
Maths,P1,713,32 + 62 = ?,94,104,84,93,10,1
Maths,P1,714,50 + 61 = ?,111,112,121,101,10,1
Maths,P1,715,20 + 63 = ?,83,73,82,84,10,1
Maths,P1,716,81 + 41 = ?,122,112,121,123,10,1
Maths,P1,717,35 + 56 = ?,91,81,90,92,10,1
Maths,P1,718,27 + 75 = ?,102,112,92,101,10,1
Maths,P1,719,81 + 63 = ?,144,145,154,134,10,1
Maths,P1,720,82 + 89 = ?,171,161,170,172,10,1
Maths,P1,721,92 + 53 = ?,145,144,146,155,10,1
Maths,P1,722,83 + 85 = ?,168,169,178,158,10,1
Maths,P1,723,48 + 85 = ?,133,123,132,134,10,1
Maths,P1,724,44 + 46 = ?,90,80,89,91,10,1
Maths,P1,725,24 + 23 = ?,47,48,57,37,10,1
Maths,P1,726,96 + 78 = ?,174,184,164,173,10,1
Maths,P1,727,33 + 18 = ?,51,41,50,52,10,1
Maths,P1,728,55 + 54 = ?,109,99,108,110,10,1
Maths,P1,729,22 + 36 = ?,58,48,57,59,10,1
Maths,P1,730,37 + 79 = ?,116,106,115,117,10,1
Maths,P1,731,77 + 86 = ?,163,153,162,164,10,1
Maths,P1,732,90 + 83 = ?,173,163,172,174,10,1
Maths,P1,733,98 + 70 = ?,168,169,178,158,10,1
Maths,P1,734,11 + 78 = ?,89,88,90,99,10,1
Maths,P1,735,30 + 10 = ?,40,41,50,30,10,1
Maths,P1,736,99 + 61 = ?,160,161,170,150,10,1
Maths,P1,737,94 + 23 = ?,117,107,116,118,10,1
Maths,P1,738,66 + 66 = ?,132,122,131,133,10,1
Maths,P1,739,78 + 98 = ?,176,177,186,166,10,1
Maths,P1,740,62 + 67 = ?,129,128,130,139,10,1
Maths,P1,741,26 + 95 = ?,121,120,122,131,10,1
Maths,P1,742,93 + 44 = ?,137,136,138,147,10,1
Maths,P1,743,65 + 84 = ?,149,139,148,150,10,1
Maths,P1,744,95 + 41 = ?,136,137,146,126,10,1
Maths,P1,745,78 + 44 = ?,122,112,121,123,10,1
Maths,P1,746,87 + 75 = ?,162,152,161,163,10,1
Maths,P1,747,38 + 72 = ?,110,120,100,109,10,1
Maths,P1,748,28 + 93 = ?,121,120,122,131,10,1
Maths,P1,749,99 + 76 = ?,175,176,185,165,10,1
Maths,P1,750,72 + 29 = ?,101,91,100,102,10,1
Maths,P1,751,24 + 30 = ?,54,64,44,53,10,1
Maths,P1,752,72 + 71 = ?,143,144,153,133,10,1
Maths,P1,753,13 + 45 = ?,58,48,57,59,10,1
Maths,P1,754,42 + 39 = ?,81,80,82,91,10,1
Maths,P1,755,95 + 52 = ?,147,137,146,148,10,1
Maths,P1,756,50 + 40 = ?,90,80,89,91,10,1
Maths,P1,757,88 + 78 = ?,166,176,156,165,10,1
Maths,P1,758,79 + 11 = ?,90,80,89,91,10,1
Maths,P1,759,45 + 68 = ?,113,112,114,123,10,1
Maths,P1,760,64 + 86 = ?,150,160,140,149,10,1
Maths,P1,761,25 + 82 = ?,107,97,106,108,10,1
Maths,P1,762,44 + 51 = ?,95,96,105,85,10,1
Maths,P1,763,81 + 86 = ?,167,168,177,157,10,1
Maths,P1,764,26 + 94 = ?,120,121,130,110,10,1
Maths,P1,765,80 + 29 = ?,109,99,108,110,10,1
Maths,P1,766,11 + 97 = ?,108,98,107,109,10,1
Maths,P1,767,76 + 58 = ?,134,144,124,133,10,1
Maths,P1,768,35 + 68 = ?,103,104,113,93,10,1
Maths,P1,769,22 + 22 = ?,44,34,43,45,10,1
Maths,P1,770,75 + 61 = ?,136,137,146,126,10,1
Maths,P1,771,23 + 86 = ?,109,99,108,110,10,1
Maths,P1,772,29 + 79 = ?,108,98,107,109,10,1
Maths,P1,773,80 + 22 = ?,102,112,92,101,10,1
Maths,P1,774,93 + 15 = ?,108,98,107,109,10,1
Maths,P1,775,89 + 50 = ?,139,129,138,140,10,1
Maths,P1,776,68 + 46 = ?,114,104,113,115,10,1
Maths,P1,777,24 + 82 = ?,106,96,105,107,10,1
Maths,P1,778,45 + 85 = ?,130,120,129,131,10,1
Maths,P1,779,24 + 47 = ?,71,72,81,61,10,1
Maths,P1,780,12 + 83 = ?,95,96,105,85,10,1
Maths,P1,781,78 + 43 = ?,121,120,122,131,10,1
Maths,P1,782,99 + 26 = ?,125,115,124,126,10,1
Maths,P1,783,43 + 27 = ?,70,80,60,69,10,1
Maths,P1,784,14 + 52 = ?,66,56,65,67,10,1
Maths,P1,785,98 + 81 = ?,179,169,178,180,10,1
Maths,P1,786,66 + 80 = ?,146,136,145,147,10,1
Maths,P1,787,76 + 34 = ?,110,120,100,109,10,1
Maths,P1,788,13 + 21 = ?,34,24,33,35,10,1
Maths,P1,789,20 + 46 = ?,66,56,65,67,10,1
Maths,P1,790,74 + 77 = ?,151,152,161,141,10,1
Maths,P1,791,43 + 74 = ?,117,107,116,118,10,1
Maths,P1,792,35 + 12 = ?,47,48,57,37,10,1
Maths,P1,793,41 + 70 = ?,111,112,121,101,10,1
Maths,P1,794,99 + 45 = ?,144,145,154,134,10,1
Maths,P1,795,70 + 67 = ?,137,136,138,147,10,1
Maths,P1,796,39 + 59 = ?,98,88,97,99,10,1
Maths,P1,797,67 + 85 = ?,152,153,162,142,10,1
Maths,P1,798,84 + 61 = ?,145,144,146,155,10,1
Maths,P1,799,65 + 54 = ?,119,120,129,109,10,1
Maths,P1,800,70 + 12 = ?,82,72,81,83,10,1
Maths,P1,801,40 + 30 = ?,70,80,60,69,10,1
Maths,P1,802,64 + 49 = ?,113,112,114,123,10,1
Maths,P1,803,29 + 90 = ?,119,120,129,109,10,1
Maths,P1,804,87 + 86 = ?,173,163,172,174,10,1
Maths,P1,805,33 + 45 = ?,78,88,68,77,10,1
Maths,P1,806,61 + 95 = ?,156,146,155,157,10,1
Maths,P1,807,58 + 20 = ?,78,88,68,77,10,1
Maths,P1,808,89 + 38 = ?,127,128,137,117,10,1
Maths,P1,809,19 + 17 = ?,36,26,35,37,10,1
Maths,P1,810,79 + 20 = ?,99,89,98,100,10,1
Maths,P1,811,76 + 78 = ?,154,144,153,155,10,1
Maths,P1,812,98 + 48 = ?,146,136,145,147,10,1
Maths,P1,813,40 + 44 = ?,84,74,83,85,10,1
Maths,P1,814,54 + 18 = ?,72,73,82,62,10,1
Maths,P1,815,86 + 82 = ?,168,169,178,158,10,1
Maths,P1,816,78 + 26 = ?,104,105,114,94,10,1
Maths,P1,817,80 + 47 = ?,127,128,137,117,10,1
Maths,P1,818,19 + 98 = ?,117,107,116,118,10,1
Maths,P1,819,13 + 94 = ?,107,97,106,108,10,1
Maths,P1,820,51 + 69 = ?,120,121,130,110,10,1
Maths,P1,821,79 + 87 = ?,166,176,156,165,10,1
Maths,P1,822,91 + 24 = ?,115,105,114,116,10,1
Maths,P1,823,84 + 57 = ?,141,131,140,142,10,1
Maths,P1,824,49 + 95 = ?,144,145,154,134,10,1
Maths,P1,825,91 + 72 = ?,163,153,162,164,10,1
Maths,P1,826,26 + 91 = ?,117,107,116,118,10,1
Maths,P1,827,71 + 69 = ?,140,130,139,141,10,1
Maths,P1,828,41 + 81 = ?,122,112,121,123,10,1
Maths,P1,829,61 + 25 = ?,86,96,76,85,10,1
Maths,P1,830,93 + 92 = ?,185,184,186,195,10,1
Maths,P1,831,75 + 20 = ?,95,96,105,85,10,1
Maths,P1,832,69 + 58 = ?,127,128,137,117,10,1
Maths,P1,833,70 + 38 = ?,108,98,107,109,10,1
Maths,P1,834,45 + 29 = ?,74,64,73,75,10,1
Maths,P1,835,31 + 94 = ?,125,115,124,126,10,1
Maths,P1,836,65 + 56 = ?,121,120,122,131,10,1
Maths,P1,837,39 + 43 = ?,82,72,81,83,10,1
Maths,P1,838,10 + 52 = ?,62,72,52,61,10,1
Maths,P1,839,65 + 72 = ?,137,136,138,147,10,1
Maths,P1,840,58 + 10 = ?,68,58,67,69,10,1
Maths,P1,841,42 + 15 = ?,57,56,58,67,10,1
Maths,P1,842,45 + 63 = ?,108,98,107,109,10,1
Maths,P1,843,11 + 24 = ?,35,25,34,36,10,1
Maths,P1,844,15 + 89 = ?,104,105,114,94,10,1
Maths,P1,845,32 + 74 = ?,106,96,105,107,10,1
Maths,P1,846,26 + 45 = ?,71,72,81,61,10,1
Maths,P1,847,37 + 82 = ?,119,120,129,109,10,1
Maths,P1,848,31 + 69 = ?,100,90,99,101,10,1
Maths,P1,849,96 + 40 = ?,136,137,146,126,10,1
Maths,P1,850,94 + 84 = ?,178,168,177,179,10,1
Maths,P1,851,64 + 81 = ?,145,144,146,155,10,1
Maths,P1,852,68 + 50 = ?,118,128,108,117,10,1
Maths,P1,853,46 + 66 = ?,112,113,122,102,10,1
Maths,P1,854,44 + 91 = ?,135,136,145,125,10,1
Maths,P1,855,24 + 59 = ?,83,73,82,84,10,1
Maths,P1,856,92 + 72 = ?,164,154,163,165,10,1
Maths,P1,857,63 + 62 = ?,125,115,124,126,10,1
Maths,P1,858,89 + 29 = ?,118,128,108,117,10,1
Maths,P1,859,38 + 32 = ?,70,80,60,69,10,1
Maths,P1,860,40 + 17 = ?,57,56,58,67,10,1
Maths,P1,861,21 + 40 = ?,61,51,60,62,10,1
Maths,P1,862,40 + 32 = ?,72,73,82,62,10,1
Maths,P1,863,13 + 32 = ?,45,35,44,46,10,1
Maths,P1,864,10 + 55 = ?,65,64,66,75,10,1
Maths,P1,865,61 + 99 = ?,160,161,170,150,10,1
Maths,P1,866,54 + 92 = ?,146,136,145,147,10,1
Maths,P1,867,51 + 72 = ?,123,113,122,124,10,1
Maths,P1,868,11 + 63 = ?,74,64,73,75,10,1
Maths,P1,869,91 + 68 = ?,159,160,169,149,10,1
Maths,P1,870,23 + 21 = ?,44,34,43,45,10,1
Maths,P1,871,61 + 41 = ?,102,112,92,101,10,1
Maths,P1,872,69 + 41 = ?,110,120,100,109,10,1
Maths,P1,873,98 + 41 = ?,139,129,138,140,10,1
Maths,P1,874,26 + 89 = ?,115,105,114,116,10,1
Maths,P1,875,29 + 65 = ?,94,104,84,93,10,1
Maths,P1,876,13 + 81 = ?,94,104,84,93,10,1
Maths,P1,877,31 + 49 = ?,80,81,90,70,10,1
Maths,P3,878,12 x 8 = ?,96,88,104,108,10,1
Maths,P3,879,45 x 3 = ?,135,125,145,155,10,1
Maths,P3,880,67 x 4 = ?,268,258,278,248,10,1
Maths,P3,881,23 x 12 = ?,276,266,286,256,10,1
Maths,P3,882,89 x 5 = ?,445,435,455,465,10,1
Maths,P3,883,34 x 7 = ?,238,228,248,218,10,1
Maths,P3,884,56 x 6 = ?,336,326,346,316,10,1
Maths,P3,885,78 x 9 = ?,702,692,712,682,10,1
Maths,P3,886,15 x 14 = ?,210,200,220,190,10,1
Maths,P3,887,91 x 3 = ?,273,263,283,253,10,1
Maths,P3,888,28 x 11 = ?,308,298,318,288,10,1
Maths,P3,889,63 x 8 = ?,504,494,514,484,10,1
Maths,P3,890,47 x 5 = ?,235,225,245,215,10,1
Maths,P3,891,82 x 6 = ?,492,482,502,472,10,1
Maths,P3,892,19 x 13 = ?,247,237,257,227,10,1
Maths,P3,893,55 x 7 = ?,385,375,395,365,10,1
Maths,P3,894,71 x 9 = ?,639,629,649,619,10,1
Maths,P3,895,36 x 12 = ?,432,422,442,412,10,1
Maths,P3,896,94 x 4 = ?,376,366,386,356,10,1
Maths,P3,897,27 x 15 = ?,405,395,415,385,10,1
Maths,P3,898,68 x 8 = ?,544,534,554,524,10,1
Maths,P3,899,43 x 6 = ?,258,248,268,238,10,1
Maths,P3,900,81 x 7 = ?,567,557,577,547,10,1
Maths,P3,901,52 x 9 = ?,468,458,478,448,10,1
Maths,P3,902,39 x 11 = ?,429,419,439,409,10,1
Maths,P3,903,76 x 5 = ?,380,370,390,360,10,1
Maths,P3,904,64 x 8 = ?,512,502,522,492,10,1
Maths,P3,905,25 x 14 = ?,350,340,360,330,10,1
Maths,P3,906,87 x 6 = ?,522,512,532,502,10,1
Maths,P3,907,48 x 9 = ?,432,422,442,412,10,1
Maths,P3,908,93 x 7 = ?,651,641,661,631,10,1
Maths,P3,909,31 x 12 = ?,372,362,382,352,10,1
Maths,P3,910,58 x 8 = ?,464,454,474,444,10,1
Maths,P3,911,72 x 5 = ?,360,350,370,340,10,1
Maths,P3,912,19 x 16 = ?,304,294,314,284,10,1
Maths,P3,913,84 x 9 = ?,756,746,766,736,10,1
Maths,P3,914,46 x 11 = ?,506,496,516,476,10,1
Maths,P3,915,67 x 7 = ?,469,459,479,449,10,1
Maths,P3,916,33 x 13 = ?,429,419,439,409,10,1
Maths,P3,917,91 x 8 = ?,728,718,738,698,10,1
Maths,P3,918,24 x 15 = ?,360,350,370,340,10,1
Maths,P3,919,79 x 6 = ?,474,464,484,454,10,1
Maths,P3,920,52 x 12 = ?,624,614,634,594,10,1
Maths,P3,921,85 x 9 = ?,765,755,775,735,10,1
Maths,P3,922,41 x 14 = ?,574,564,584,554,10,1
Maths,P3,923,68 x 7 = ?,476,466,486,446,10,1
Maths,P3,924,37 x 11 = ?,407,397,417,387,10,1
Maths,P3,925,93 x 5 = ?,465,455,475,435,10,1
Maths,P3,926,26 x 16 = ?,416,406,426,386,10,1
Maths,P3,927,59 x 8 = ?,472,462,482,442,10,1
Maths,P3,928,74 x 9 = ?,666,656,676,636,10,1
Maths,P3,929,48 x 13 = ?,624,614,634,594,10,1
Maths,P3,930,82 x 7 = ?,574,564,584,554,10,1
Maths,P3,931,65 x 12 = ?,780,770,790,750,10,1
Maths,P3,932,31 x 15 = ?,465,455,475,435,10,1
Maths,P3,933,97 x 6 = ?,582,572,592,552,10,1
Maths,P3,934,44 x 11 = ?,484,474,494,454,10,1
Maths,P3,935,78 x 8 = ?,624,614,634,594,10,1
Maths,P3,936,53 x 14 = ?,742,732,752,712,10,1
Maths,P3,937,29 x 9 = ?,261,251,271,241,10,1
Maths,P3,938,86 x 7 = ?,602,592,612,572,10,1
Maths,P3,939,61 x 13 = ?,793,783,803,753,10,1
Maths,P3,940,35 x 16 = ?,560,550,570,530,10,1
Maths,P3,941,92 x 5 = ?,460,450,470,430,10,1
Maths,P3,942,47 x 12 = ?,564,554,574,534,10,1
Maths,P3,943,73 x 9 = ?,657,647,667,627,10,1
Maths,P3,944,28 x 14 = ?,392,382,402,362,10,1
Maths,P3,945,84 x 8 = ?,672,662,682,632,10,1
Maths,P3,946,51 x 11 = ?,561,551,571,521,10,1
Maths,P3,947,66 x 7 = ?,462,452,472,432,10,1
Maths,P3,948,39 x 15 = ?,585,575,595,545,10,1
Maths,P3,949,87 x 6 = ?,522,512,532,492,10,1
Maths,P3,950,24 x 13 = ?,312,302,322,292,10,1
Maths,P3,951,71 x 9 = ?,639,629,649,599,10,1
Maths,P3,952,45 x 12 = ?,540,530,550,500,10,1
Maths,P3,953,93 x 8 = ?,744,734,754,704,10,1
Maths,P3,954,57 x 11 = ?,627,617,637,587,10,1
Maths,P3,955,32 x 16 = ?,512,502,522,472,10,1
Maths,P3,956,68 x 5 = ?,340,330,350,310,10,1
Maths,P3,957,49 x 14 = ?,686,676,696,646,10,1
Maths,P3,958,76 x 7 = ?,532,522,542,492,10,1
Maths,P3,959,81 x 9 = ?,729,719,739,679,10,1
Maths,P3,960,25 x 13 = ?,325,315,335,285,10,1
Maths,P3,961,94 x 6 = ?,564,554,574,524,10,1
Maths,P3,962,43 x 12 = ?,516,506,526,476,10,1
Maths,P3,963,67 x 8 = ?,536,526,546,496,10,1
Maths,P3,964,38 x 15 = ?,570,560,580,520,10,1
Maths,P3,965,82 x 11 = ?,902,892,912,852,10,1
Maths,P3,966,59 x 7 = ?,413,403,423,373,10,1
Maths,P3,967,74 x 9 = ?,666,656,676,616,10,1
Maths,P3,968,21 x 16 = ?,336,326,346,296,10,1
Maths,P3,969,88 x 5 = ?,440,430,450,390,10,1
Maths,P3,970,46 x 14 = ?,644,634,654,594,10,1
Maths,P3,971,63 x 12 = ?,756,746,766,706,10,1
Maths,P3,972,97 x 8 = ?,776,766,786,726,10,1
Maths,P3,973,52 x 13 = ?,676,666,686,626,10,1
Maths,P3,974,79 x 7 = ?,553,543,563,503,10,1
Maths,P3,975,35 x 11 = ?,385,375,395,335,10,1
Maths,P3,976,84 x 9 = ?,756,746,766,706,10,1
Maths,P3,977,41 x 15 = ?,615,605,625,565,,
English,K,978,🐶,dog,cat,car,apple,10,1
English,K,979,🐱,cat,dog,bird,fish,10,1
English,K,980,🍎,apple,banana,orange,grape,10,1
English,K,981,🍌,banana,apple,carrot,egg,10,1
English,K,982,🚗,car,bus,house,ball,10,1
English,K,983,☀️,sun,moon,star,cloud,10,1
English,K,984,🌙,moon,sun,star,flower,10,1
English,K,985,🐦,bird,fish,dog,cat,10,1
English,K,986,🐟,fish,bird,duck,chicken,10,1
English,K,987,🌸,flower,grass,tree,star,10,1
English,K,988,⭐,star,moon,sun,heart,10,1
English,K,989,🌳,tree,flower,house,ball,10,1
English,K,990,⚽,ball,book,hat,shoe,10,1
English,K,991,🏠,house,school,car,ball,10,1
English,K,992,📖,book,pencil,chair,table,10,1
English,K,993,👟,shoe,hat,sock,glove,10,1
English,K,994,✋,hand,foot,eye,mouth,10,1
English,K,995,👣,foot,hand,eye,mouth,10,1
English,K,996,👀,eye,mouth,nose,ear,10,1
English,K,997,👄,mouth,eye,nose,ear,10,1
English,K,998,1️⃣,one,two,three,four,10,1
English,K,999,2️⃣,two,one,three,four,10,1
English,K,1000,🔴,red,blue,yellow,green,10,1
English,K,1001,🟡,yellow,red,blue,green,10,1
English,K,1002,🔵,blue,red,yellow,green,10,1
English,K,1003,❤️,heart,star,circle,square,10,1
English,K,1004,😊,smile,cry,angry,sad,10,1
English,K,1005,🥚,egg,apple,banana,carrot,10,1
English,K,1006,🎈,balloon,ball,hat,shoe,10,1
English,K,1007,💡,lamp,watermelon,scissors,ruler,10,1
English,K,1008,🐔,chicken,kiwi,bear,cloud,10,1
English,K,1009,🐰,rabbit,window,ear,baby,10,1
English,K,1010,6️⃣,six,train,door,bus,10,1
English,K,1011,🦷,tooth,duck,ten,mommy,10,1
English,K,1012,🕒,clock,strawberry,four,boat,10,1
English,K,1013,❤️,heart,window,bus,orange,10,1
English,K,1014,⬛,square,watermelon,seven,sister,10,1
English,K,1015,📱,phone,heart,boat,cloud,10,1
English,K,1016,7️⃣,seven,black,orange,bus,10,1
English,K,1017,🪥,toothbrush,daddy,milk,snow,10,1
English,K,1018,🦆,duck,sheep,cloud,phone,10,1
English,K,1019,👤,head,door,duck,mommy,10,1
English,K,1020,🚢,boat,four,orange,nose,10,1
English,K,1021,🐵,monkey,rabbit,carrot,black,10,1
English,K,1022,💇,hair,ruler,rabbit,strawberry,10,1
English,K,1023,🥕,carrot,orange,snow,heart,10,1
English,K,1024,🥝,kiwi,white,five,ruler,10,1
English,K,1025,🚂,train,white,pear,milk,10,1
English,K,1026,✈️,airplane,rabbit,ear,bear,10,1
English,K,1027,👨,daddy,six,seven,crayon,10,1
English,K,1028,🍓,strawberry,rectangle,comb,phone,10,1
English,K,1029,5️⃣,five,clock,orange,orange,10,1
English,K,1030,🟢,green,bus,strawberry,frog,10,1
English,K,1031,🔺,triangle,three,kiwi,boat,10,1
English,K,1032,🐢,turtle,bee,lamp,cow,10,1
English,K,1033,🐸,frog,horse,soap,black,10,1
English,K,1034,🫑,pepper,triangle,square,monkey,10,1
English,K,1035,🪑,chair,toothbrush,mommy,baby,10,1
English,K,1036,☁️,cloud,kiwi,duck,tomato,10,1
English,K,1037,🍍,pineapple,rectangle,soap,cloud,10,1
English,K,1038,❄️,snow,nose,triangle,snake,10,1
English,K,1039,🥬,cabbage,chair,monkey,ten,10,1
English,K,1040,🐷,pig,turtle,five,black,10,1
English,K,1041,🌈,rainbow,lamp,eight,wind,10,1
English,K,1042,🐝,bee,train,soap,tomato,10,1
English,K,1043,🟣,purple,pig,chair,bear,10,1
English,K,1044,🍇,grapes,nine,sheep,baby,10,1
English,K,1045,🟤,brown,pineapple,five,hair,10,1
English,K,1046,🍊,orange,phone,door,sister,10,1
English,K,1047,🍉,watermelon,bear,triangle,orange,10,1
English,K,1048,🟦,rectangle,carrot,box,butterfly,10,1
English,K,1049,⚫,black,butterfly,bee,pear,10,1
English,K,1050,🐻,bear,ruler,door,duck,10,1
English,K,1051,8️⃣,eight,lamp,elephant,airplane,10,1
English,K,1052,🌧️,rain,sheep,kiwi,tooth,10,1
English,K,1053,🌬️,wind,tomato,monkey,pepper,10,1
English,K,1054,🚲,bike,phone,pig,sister,10,1
English,K,1055,🧼,soap,monkey,wind,heart,10,1
English,K,1056,👩,mommy,mango,phone,bear,10,1
English,K,1057,🐍,snake,pear,clock,cabbage,10,1
English,K,1058,🍅,tomato,bike,ear,scissors,10,1
English,K,1059,🐑,sheep,crayon,box,brown,10,1
English,K,1060,🛏️,bed,grapes,mango,bear,10,1
English,K,1061,🔟,ten,rainbow,triangle,sheep,10,1
English,K,1062,✂️,scissors,pear,clock,train,10,1
English,K,1063,📏,ruler,chair,bear,pink,10,1
English,K,1064,🖍️,crayon,rainbow,rectangle,kiwi,10,1
English,K,1065,🦋,butterfly,snake,rectangle,snow,10,1
English,K,1066,🐴,horse,tomato,ruler,soap,10,1
English,K,1067,🍑,peach,box,five,pepper,10,1
English,K,1068,🥭,mango,bus,kiwi,door,10,1
English,K,1069,🍐,pear,horse,mango,butterfly,10,1
English,K,1070,👦,brother,daddy,pink,cabbage,10,1
English,K,1071,3️⃣,three,grapes,nine,rain,10,1
English,K,1072,🐮,cow,sheep,pepper,grapes,10,1
English,K,1073,🚌,bus,phone,comb,peach,10,1
English,K,1074,⚪,white,turtle,orange,nine,10,1
English,P1,1075,What sound does a dog make?,Woof woof,Meow,Quack,Squeak,10,1
English,P1,1076,What colour is an apple?,Red,Blue,Green,Black,10,1
Maths,P1,1077,1 + 1 equals?,2,3,1,4,10,1
English,P1,1078,What shape is the sun?,Circle,Square,Triangle,Rectangle,10,1
English,P1,1079,What does a cat like to eat?,Fish,Grass,Bone,Apple,10,1
English,P1,1080,Where is the nose on the face?,In the middle,Below,Above,Side,10,1
English,P1,1081,What do we use to walk?,Feet,Hands,Ears,Nose,10,1
English,P1,1082,What colour is a banana?,Yellow,Red,Blue,Purple,10,1
English,P1,1083,Where do chicks come from?,Egg,Tree,River,Sky,10,1
Maths,P1,1084,2 + 2 equals?,4,3,5,6,10,1
English,P1,1085,What does the moon do at night?,Shine,Sing,Dance,Eat,10,1
English,P1,1086,What do we use to eat?,Mouth,Eyes,Ears,Nose,10,1
English,P1,1087,What colour is a strawberry?,Red,Yellow,Blue,White,10,1
English,P1,1088,What can a bird do?,Fly,Walk,Swim,Climb,10,1
English,P1,1089,Who is mummy's husband?,Daddy,Brother,Younger brother,Grandpa,10,1
English,P1,1090,What do we use to see things?,Eyes,Mouth,Ears,Nose,10,1
English,P1,1091,What colour is an orange?,Orange,Red,Blue,Green,10,1
Maths,P1,1092,3 + 1 equals?,4,3,5,2,10,1
English,P1,1093,Where do fish live?,In water,On tree,In sky,On land,10,1
English,P1,1094,What do we use to hear sounds?,Ears,Eyes,Mouth,Nose,10,1
English,P1,1095,How many wheels does a car have?,4,3,2,5,10,1
English,P1,1096,What does a rabbit like to eat?,Carrot,Fish,Bone,Grass,10,1
English,P1,1097,Who are the children of mummy and daddy?,Me,Grandpa,Teacher,Friend,10,1
English,P1,1098,What do we use to touch things?,Hands,Feet,Ears,Nose,10,1
English,P1,1099,What colour is a watermelon?,Green,Red,Yellow,Blue,10,1
English,P1,1100,What sound does a duck make?,Quack,Woof,Meow,Coo,10,1
Maths,P1,1101,4 + 2 equals?,6,5,7,4,10,1
English,P1,1102,Where are the stars?,In the sky,Underground,In water,In the house,10,1
English,P1,1103,What do we use to drink water?,Mouth,Eyes,Nose,Ears,10,1
English,P1,1104,Where do pigs like to play?,In mud,In sky,On tree,In water,10,1
Maths,P1,1105,5 + 3 equals?,8,7,9,6,10,1
English,P1,1106,What do we use to brush teeth?,Toothbrush,Chopsticks,Spoon,Comb,10,1
English,P1,1107,What colour is purple?,Purple,Red,Blue,Green,10,1
English,P1,1108,What sound does a sheep make?,Baa,Woof,Meow,Coo,10,1
English,P1,1109,What do we sleep on?,Bed,Table,Chair,Schoolbag,10,1
Maths,P1,1110,6 + 2 equals?,8,7,9,10,10,1
English,P1,1111,What does a bear like to eat?,Honey,Fish,Carrot,Grass,10,1
English,P1,1112,What do we use to wash hands?,Water and soap,Toothbrush,Comb,Book,10,1
Maths,P1,1113,7 + 1 equals?,8,7,9,6,10,1
English,P1,1114,What do we use to comb hair?,Comb,Toothbrush,Chopsticks,Spoon,10,1
Maths,P1,1115,8 + 3 equals?,11,10,12,9,10,1
English,P1,1116,What colour is pink?,Pink,Red,Purple,Blue,10,1
English,P1,1117,How does a horse move?,Run,Fly,Swim,Crawl,10,1
English,P1,1118,What do we use to drink milk?,Cup,Bowl,Plate,Spoon,10,1
Maths,P1,1119,9 + 1 equals?,10,9,11,8,10,1
English,P1,1120,What do we use to write?,Pencil,Toothbrush,Comb,Chopsticks,10,1
English,P1,1121,What colour is purple?,Purple,Pink,Blue,Green,10,1
Maths,P1,1122,10 + 5 equals?,15,14,16,13,10,1
English,P1,1123,Where do birds live?,Nest,Dog house,Fish tank,Stable,10,1
English,P1,1124,What do we use to eat rice?,Chopsticks or spoon,Toothbrush,Comb,Book,10,1
English,P1,1125,What do we use to take a bath?,Soap and water,Toothbrush,Comb,Book,10,1
English,P1,1126,What do we use to read books?,Eyes,Mouth,Ears,Nose,10,1
English,P1,1127,What do we use to cut things?,Scissors,Toothbrush,Comb,Chopsticks,10,1
English,P1,1128,What do we use to wear shoes?,Feet,Hands,Head,Ears,10,1
English,P1,1129,What do we use to wear gloves?,Hands,Feet,Head,Ears,10,1
